{
    "uvs":[],
    "colors":[],
    "normals":[-1.04523e-14,-1,6.46602e-08,2.29952e-14,1,-6.46602e-08,1,4.84951e-08,2.74806e-07,-2.90971e-07,-3.23301e-08,1,-1,-1.45485e-07,-2.42476e-07,2.42476e-07,1.45485e-07,-1],
    "metadata":{
        "colors":0,
        "uvs":0,
        "vertices":8,
        "type":"Geometry",
        "materials":2,
        "version":3,
        "normals":6,
        "generator":"io_three",
        "faces":6
    },
    "materials":[{
        "doubleSided":false,
        "transparent":false,
        "DbgIndex":0,
        "DbgName":"Material",
        "DbgColor":15658734,
        "opacity":1,
        "colorEmissive":[0,0,0],
        "specularCoef":50,
        "vertexColors":false,
        "wireframe":false,
        "blending":1,
        "depthTest":true,
        "depthWrite":true,
        "colorDiffuse":[0.64,0.515897,0.0730497],
        "colorSpecular":[0.5,0.5,0.5],
        "shading":"phong",
        "visible":true
    },{
        "doubleSided":false,
        "transparent":false,
        "DbgIndex":1,
        "DbgName":"Material.001",
        "DbgColor":15597568,
        "opacity":1,
        "colorEmissive":[0,0,0],
        "specularCoef":50,
        "vertexColors":false,
        "wireframe":false,
        "blending":1,
        "depthTest":true,
        "depthWrite":true,
        "colorDiffuse":[0.081218,0.0710217,0.64],
        "colorSpecular":[0.5,0.5,0.5],
        "shading":"phong",
        "visible":true
    }],
    "vertices":[0.460907,-0.460907,-0.460907,0.460907,-0.460907,0.460907,-0.460907,-0.460907,0.460907,-0.460907,-0.460907,-0.460907,0.460907,0.460907,-0.460907,0.460907,0.460907,0.460907,-0.460907,0.460907,0.460907,-0.460907,0.460907,-0.460907],
    "faces":[35,0,1,2,3,0,0,0,0,0,35,4,7,6,5,1,1,1,1,1,35,0,4,5,1,0,2,2,2,2,35,1,5,6,2,0,3,3,3,3,35,2,6,7,3,0,4,4,4,4,35,4,0,3,7,0,5,5,5,5]
}