{
    "normals":[0,-1,4.37114e-08,-0.680951,0.269465,-0.680951,0.929843,0.367956,-1.60839e-08,0,0.367956,0.929843],
    "metadata":{
        "generator":"io_three",
        "faces":4,
        "vertices":4,
        "colors":0,
        "materials":1,
        "normals":4,
        "uvs":0,
        "version":3,
        "type":"Geometry"
    },
    "uvs":[],
    "faces":[34,1,0,2,0,0,0,0,34,2,0,3,0,1,1,1,34,1,2,3,0,2,2,2,34,0,1,3,0,3,3,3],
    "vertices":[-0.22,9.61651e-09,0.22,0.22,9.61651e-09,0.22,0.22,-9.61651e-09,-0.22,0.0733333,0.370634,0.0733333],
    "colors":[],
    "materials":[{
        "DbgName":"Material.001",
        "blending":1,
        "DbgIndex":0,
        "specularCoef":50,
        "depthTest":true,
        "colorSpecular":[0.5,0.5,0.5],
        "DbgColor":15658734,
        "vertexColors":false,
        "visible":true,
        "opacity":1,
        "shading":"phong",
        "colorDiffuse":[0.570291,0.349734,0.64],
        "wireframe":false,
        "doubleSided":false,
        "colorEmissive":[0,0,0],
        "transparent":false,
        "depthWrite":true
    }]
}